Tidsstempel,pådrag,tank
2026-04-28 17:12:37,49,48.5
2026-04-28 17:12:37,49,48.5
2026-04-28 17:12:37,49,48.5
2026-04-28 17:12:37,49,49.0
2026-04-28 17:12:37,49,48.0
2026-04-28 17:12:37,49,48.5
2026-04-28 17:12:37,49,48.5
2026-04-28 17:12:37,49,48.5
2026-04-28 17:12:37,49,48.5
2026-04-28 17:12:37,49,48.5
2026-04-28 17:12:38,49,49.0
2026-04-28 17:12:38,49,49.0
2026-04-28 17:12:38,49,49.0
2026-04-28 17:12:38,49,49.0
2026-04-28 17:12:38,49,49.0
2026-04-28 17:12:38,49,49.0
2026-04-28 17:12:38,49,49.0
2026-04-28 17:12:38,49,49.0
2026-04-28 17:12:38,49,49.5
2026-04-28 17:12:38,49,49.0
2026-04-28 17:12:39,49,49.0
2026-04-28 17:12:39,49,49.0
2026-04-28 17:12:39,49,49.5
2026-04-28 17:12:39,49,49.5
2026-04-28 17:12:39,49,49.5
2026-04-28 17:12:39,49,49.5
2026-04-28 17:12:39,49,49.5
2026-04-28 17:12:39,49,49.5
2026-04-28 17:12:39,49,49.5
2026-04-28 17:12:39,49,50.0
2026-04-28 17:12:40,49,50.5
2026-04-28 17:12:40,49,49.5
2026-04-28 17:12:40,49,49.5
2026-04-28 17:12:40,49,49.5
2026-04-28 17:12:40,49,50.0
2026-04-28 17:12:40,49,50.5
2026-04-28 17:12:40,49,50.0
2026-04-28 17:12:40,49,50.0
2026-04-28 17:12:40,49,50.0
2026-04-28 17:12:40,49,50.5
2026-04-28 17:12:41,49,50.5
2026-04-28 17:12:41,49,50.5
2026-04-28 17:12:41,49,50.0
2026-04-28 17:12:41,49,50.5
2026-04-28 17:12:41,49,50.5
2026-04-28 17:12:41,49,50.5
2026-04-28 17:12:41,49,50.5
2026-04-28 17:12:41,49,50.5
2026-04-28 17:12:41,49,51.0
2026-04-28 17:12:41,49,50.5
2026-04-28 17:12:42,49,51.0
2026-04-28 17:12:42,49,51.0
2026-04-28 17:12:42,49,50.5
2026-04-28 17:12:42,49,51.0
2026-04-28 17:12:42,49,51.0
2026-04-28 17:12:42,49,51.0
2026-04-28 17:12:42,49,51.0
2026-04-28 17:12:42,49,51.5
2026-04-28 17:12:42,49,51.0
2026-04-28 17:12:42,49,51.5
2026-04-28 17:12:43,49,50.5
2026-04-28 17:12:43,49,51.0
2026-04-28 17:12:43,49,51.0
2026-04-28 17:12:43,49,51.5
2026-04-28 17:12:43,49,51.5
2026-04-28 17:12:43,49,51.5
2026-04-28 17:12:43,49,51.5
2026-04-28 17:12:43,49,51.5
2026-04-28 17:12:43,49,51.5
2026-04-28 17:12:43,49,51.5
2026-04-28 17:12:44,49,51.0
2026-04-28 17:12:44,49,51.0
2026-04-28 17:12:44,49,51.5
2026-04-28 17:12:44,49,51.5
2026-04-28 17:12:44,49,51.5
2026-04-28 17:12:44,49,52.0
2026-04-28 17:12:44,49,51.5
2026-04-28 17:12:44,49,51.5
2026-04-28 17:12:44,49,52.0
2026-04-28 17:12:44,49,51.5
2026-04-28 17:12:45,49,52.0
2026-04-28 17:12:45,49,51.5
2026-04-28 17:12:45,49,51.5
2026-04-28 17:12:45,49,51.5
2026-04-28 17:12:45,49,51.5
2026-04-28 17:12:45,49,52.0
2026-04-28 17:12:45,49,51.5
2026-04-28 17:12:45,49,52.0
2026-04-28 17:12:45,49,52.0
2026-04-28 17:12:45,49,52.0
2026-04-28 17:12:46,40,52.0
2026-04-28 17:12:46,38,51.5
2026-04-28 17:12:46,29,51.5
2026-04-28 17:12:46,29,51.5
2026-04-28 17:12:46,29,51.5
2026-04-28 17:12:46,29,51.5
2026-04-28 17:12:46,29,51.5
2026-04-28 17:12:46,29,51.5
2026-04-28 17:12:46,29,52.0
2026-04-28 17:12:46,29,51.5
2026-04-28 17:12:47,29,51.5
2026-04-28 17:12:47,29,52.0
2026-04-28 17:12:47,29,51.5
2026-04-28 17:12:47,29,52.0
2026-04-28 17:12:47,29,51.5
2026-04-28 17:12:47,29,51.5
2026-04-28 17:12:47,29,51.5
2026-04-28 17:12:47,29,51.5
2026-04-28 17:12:47,29,52.0
2026-04-28 17:12:47,29,51.0
2026-04-28 17:12:48,29,51.5
2026-04-28 17:12:48,29,51.5
2026-04-28 17:12:48,29,51.5
2026-04-28 17:12:48,29,51.0
2026-04-28 17:12:48,29,51.5
2026-04-28 17:12:48,29,51.0
2026-04-28 17:12:48,29,51.5
2026-04-28 17:12:48,29,51.5
2026-04-28 17:12:48,29,51.5
2026-04-28 17:12:48,29,51.0
2026-04-28 17:12:49,29,51.0
2026-04-28 17:12:49,29,51.0
2026-04-28 17:12:49,29,51.0
2026-04-28 17:12:49,29,51.5
2026-04-28 17:12:49,29,51.5
2026-04-28 17:12:49,29,51.0
2026-04-28 17:12:49,29,51.5
2026-04-28 17:12:49,29,50.5
2026-04-28 17:12:49,29,50.5
2026-04-28 17:12:49,29,50.5
2026-04-28 17:12:50,29,50.5
2026-04-28 17:12:50,29,50.5
2026-04-28 17:12:50,29,51.0
2026-04-28 17:12:50,29,50.5
2026-04-28 17:12:50,29,50.0
2026-04-28 17:12:50,29,50.5
2026-04-28 17:12:50,29,50.5
2026-04-28 17:12:50,29,50.5
2026-04-28 17:12:50,29,51.0
2026-04-28 17:12:50,29,51.0
2026-04-28 17:12:51,29,50.5
2026-04-28 17:12:51,29,50.0
2026-04-28 17:12:51,29,49.5
2026-04-28 17:12:51,29,50.0
2026-04-28 17:12:51,29,50.0
2026-04-28 17:12:51,29,50.0
2026-04-28 17:12:51,29,50.0
2026-04-28 17:12:51,29,50.0
2026-04-28 17:12:51,29,50.0
2026-04-28 17:12:51,29,50.0
2026-04-28 17:12:52,29,50.0
2026-04-28 17:12:52,29,49.5
2026-04-28 17:12:52,29,49.5
2026-04-28 17:12:52,29,49.5
2026-04-28 17:12:52,29,49.5
2026-04-28 17:12:52,29,50.0
2026-04-28 17:12:52,29,49.5
2026-04-28 17:12:52,29,49.5
2026-04-28 17:12:52,29,49.5
2026-04-28 17:12:52,29,49.0
2026-04-28 17:12:53,29,49.0
2026-04-28 17:12:53,29,49.0
2026-04-28 17:12:53,29,50.0
2026-04-28 17:12:53,29,49.0
2026-04-28 17:12:53,29,49.5
2026-04-28 17:12:53,29,49.0
2026-04-28 17:12:53,29,49.5
2026-04-28 17:12:53,29,49.0
2026-04-28 17:12:53,29,49.0
2026-04-28 17:12:53,29,49.0
2026-04-28 17:12:54,29,48.5
2026-04-28 17:12:54,29,49.0
2026-04-28 17:12:54,29,48.5
2026-04-28 17:12:54,29,48.5
2026-04-28 17:12:54,29,48.5
2026-04-28 17:12:54,29,49.0
2026-04-28 17:12:54,29,49.0
2026-04-28 17:12:54,29,48.5
2026-04-28 17:12:54,29,48.5
2026-04-28 17:12:54,29,48.5
2026-04-28 17:12:55,29,49.0
2026-04-28 17:12:55,29,48.5
2026-04-28 17:12:55,29,48.5
2026-04-28 17:12:55,29,48.5
2026-04-28 17:12:55,29,48.5
2026-04-28 17:12:55,29,49.0
2026-04-28 17:12:55,29,48.5
2026-04-28 17:12:55,29,48.0
2026-04-28 17:12:55,29,48.0
2026-04-28 17:12:55,29,49.0
2026-04-28 17:12:56,29,49.0
2026-04-28 17:12:56,29,48.5
2026-04-28 17:12:56,29,48.0
2026-04-28 17:12:56,29,48.5
2026-04-28 17:12:56,29,48.0
2026-04-28 17:12:56,29,48.0
2026-04-28 17:12:56,29,48.5
2026-04-28 17:12:56,29,48.0
2026-04-28 17:12:56,29,48.0
2026-04-28 17:12:56,29,48.0
2026-04-28 17:12:57,29,48.5
2026-04-28 17:12:57,40,48.5
2026-04-28 17:12:57,38,48.5
2026-04-28 17:12:57,49,48.5
2026-04-28 17:12:57,49,47.5
2026-04-28 17:12:57,49,48.0
2026-04-28 17:12:57,49,48.0
2026-04-28 17:12:57,49,48.0
2026-04-28 17:12:57,49,48.0
2026-04-28 17:12:57,49,48.0
2026-04-28 17:12:58,49,48.5
2026-04-28 17:12:58,49,48.0
2026-04-28 17:12:58,49,48.5
2026-04-28 17:12:58,49,48.0
2026-04-28 17:12:58,49,48.5
2026-04-28 17:12:58,49,48.5
2026-04-28 17:12:58,49,48.5
2026-04-28 17:12:58,49,48.5
2026-04-28 17:12:58,49,48.5
2026-04-28 17:12:58,49,48.5
2026-04-28 17:12:59,49,48.5
2026-04-28 17:12:59,49,48.5
2026-04-28 17:12:59,49,48.5
2026-04-28 17:12:59,49,48.5
2026-04-28 17:12:59,49,48.5
2026-04-28 17:12:59,49,48.5
2026-04-28 17:12:59,49,49.5
2026-04-28 17:12:59,49,49.0
2026-04-28 17:12:59,49,48.5
2026-04-28 17:12:59,49,48.5
2026-04-28 17:13:00,49,48.5
2026-04-28 17:13:00,49,48.5
2026-04-28 17:13:00,49,49.0
2026-04-28 17:13:00,49,49.0
2026-04-28 17:13:00,49,48.5
2026-04-28 17:13:00,49,49.0
2026-04-28 17:13:00,49,48.5
2026-04-28 17:13:00,49,49.0
2026-04-28 17:13:00,49,49.0
2026-04-28 17:13:00,49,49.0
2026-04-28 17:13:01,49,49.0
2026-04-28 17:13:01,49,49.0
2026-04-28 17:13:01,49,49.0
2026-04-28 17:13:01,49,49.0
2026-04-28 17:13:01,49,50.0
2026-04-28 17:13:01,49,49.0
2026-04-28 17:13:01,49,49.0
2026-04-28 17:13:01,49,50.0
2026-04-28 17:13:01,49,50.5
2026-04-28 17:13:01,49,49.5
2026-04-28 17:13:02,49,49.5
2026-04-28 17:13:02,49,50.0
2026-04-28 17:13:02,49,50.0
2026-04-28 17:13:02,49,49.5
2026-04-28 17:13:02,49,50.0
2026-04-28 17:13:02,49,50.0
2026-04-28 17:13:02,49,50.0
2026-04-28 17:13:02,49,50.0
2026-04-28 17:13:02,49,50.0
2026-04-28 17:13:02,49,50.0
2026-04-28 17:13:03,49,50.0
2026-04-28 17:13:03,49,50.0
2026-04-28 17:13:03,49,50.5
2026-04-28 17:13:03,49,50.0
2026-04-28 17:13:03,49,50.5
2026-04-28 17:13:03,49,50.5
2026-04-28 17:13:03,49,50.5
2026-04-28 17:13:03,49,50.5
2026-04-28 17:13:03,49,50.5
2026-04-28 17:13:03,49,50.5
2026-04-28 17:13:04,49,50.5
2026-04-28 17:13:04,49,51.0
2026-04-28 17:13:04,49,50.5
2026-04-28 17:13:04,49,51.5
2026-04-28 17:13:04,49,51.0
2026-04-28 17:13:04,49,51.0
2026-04-28 17:13:04,49,50.5
2026-04-28 17:13:04,49,50.5
2026-04-28 17:13:04,49,51.5
2026-04-28 17:13:04,49,51.0
2026-04-28 17:13:05,49,51.0
2026-04-28 17:13:05,49,50.5
2026-04-28 17:13:05,49,51.5
2026-04-28 17:13:05,49,51.5
2026-04-28 17:13:05,49,51.0
2026-04-28 17:13:05,49,51.0
2026-04-28 17:13:05,49,51.5
2026-04-28 17:13:05,49,51.5
2026-04-28 17:13:05,49,51.5
2026-04-28 17:13:05,49,51.5
2026-04-28 17:13:06,49,51.5
2026-04-28 17:13:06,49,51.5
2026-04-28 17:13:06,49,52.0
2026-04-28 17:13:06,49,51.0
2026-04-28 17:13:06,49,51.5
2026-04-28 17:13:06,49,51.5
2026-04-28 17:13:06,49,51.5
2026-04-28 17:13:06,49,51.5
2026-04-28 17:13:06,49,51.0
2026-04-28 17:13:06,49,51.5
2026-04-28 17:13:07,49,52.0
2026-04-28 17:13:07,49,51.5
2026-04-28 17:13:07,49,52.0
2026-04-28 17:13:07,49,51.5
2026-04-28 17:13:07,49,51.5
2026-04-28 17:13:07,49,51.5
2026-04-28 17:13:07,49,51.5
2026-04-28 17:13:07,49,52.0
2026-04-28 17:13:07,49,52.0
2026-04-28 17:13:07,49,52.0
2026-04-28 17:13:08,49,52.0
2026-04-28 17:13:08,49,52.0
2026-04-28 17:13:08,40,52.0
2026-04-28 17:13:08,38,52.0
2026-04-28 17:13:08,29,52.0
2026-04-28 17:13:08,29,51.5
2026-04-28 17:13:08,29,52.0
2026-04-28 17:13:08,29,51.5
2026-04-28 17:13:08,29,52.0
2026-04-28 17:13:08,29,51.5
2026-04-28 17:13:09,29,52.0
2026-04-28 17:13:09,29,51.5
2026-04-28 17:13:09,29,52.0
2026-04-28 17:13:09,29,52.0
2026-04-28 17:13:09,29,52.0
2026-04-28 17:13:09,29,52.0
2026-04-28 17:13:09,29,51.0
2026-04-28 17:13:09,29,51.5
2026-04-28 17:13:09,29,51.5
2026-04-28 17:13:09,29,51.5
2026-04-28 17:13:10,29,52.0
2026-04-28 17:13:10,29,51.5
2026-04-28 17:13:10,29,51.5
2026-04-28 17:13:10,29,51.0
2026-04-28 17:13:10,29,51.5
2026-04-28 17:13:10,29,51.0
2026-04-28 17:13:10,29,51.0
2026-04-28 17:13:10,29,51.5
2026-04-28 17:13:10,29,51.5
2026-04-28 17:13:10,29,51.5
2026-04-28 17:13:11,29,50.5
2026-04-28 17:13:11,29,51.5
2026-04-28 17:13:11,29,51.0
2026-04-28 17:13:11,29,51.5
2026-04-28 17:13:11,29,51.5
2026-04-28 17:13:11,29,50.5
2026-04-28 17:13:11,29,51.0
2026-04-28 17:13:11,29,51.0
2026-04-28 17:13:11,29,50.5
2026-04-28 17:13:11,29,51.5
2026-04-28 17:13:12,29,51.0
2026-04-28 17:13:12,29,51.0
2026-04-28 17:13:12,29,50.5
2026-04-28 17:13:12,29,51.0
2026-04-28 17:13:12,29,51.0
2026-04-28 17:13:12,29,50.5
2026-04-28 17:13:12,29,50.5
2026-04-28 17:13:12,29,50.5
2026-04-28 17:13:12,29,50.5
2026-04-28 17:13:12,29,50.5
2026-04-28 17:13:13,29,50.5
2026-04-28 17:13:13,29,50.5
2026-04-28 17:13:13,29,50.5
2026-04-28 17:13:13,29,50.0
2026-04-28 17:13:13,29,50.0
2026-04-28 17:13:13,29,50.5
2026-04-28 17:13:13,29,50.0
2026-04-28 17:13:13,29,50.0
2026-04-28 17:13:13,29,50.0
2026-04-28 17:13:13,29,50.0
2026-04-28 17:13:14,29,50.0
2026-04-28 17:13:14,29,50.0
2026-04-28 17:13:14,29,50.0
2026-04-28 17:13:14,29,50.0
2026-04-28 17:13:14,29,50.0
2026-04-28 17:13:14,29,50.0
2026-04-28 17:13:14,29,49.5
2026-04-28 17:13:14,29,49.0
2026-04-28 17:13:14,29,50.0
2026-04-28 17:13:14,29,49.5
2026-04-28 17:13:15,29,49.5
2026-04-28 17:13:15,29,49.5
2026-04-28 17:13:15,29,49.0
2026-04-28 17:13:15,29,49.0
2026-04-28 17:13:15,29,49.0
2026-04-28 17:13:15,29,49.0
2026-04-28 17:13:15,29,49.0
2026-04-28 17:13:15,29,49.0
2026-04-28 17:13:15,29,49.0
2026-04-28 17:13:15,29,48.5
2026-04-28 17:13:16,29,48.5
2026-04-28 17:13:16,29,49.0
2026-04-28 17:13:16,29,49.0
2026-04-28 17:13:16,29,49.0
2026-04-28 17:13:16,29,49.0
2026-04-28 17:13:16,29,49.0
2026-04-28 17:13:16,29,49.0
2026-04-28 17:13:16,29,49.0
2026-04-28 17:13:16,29,49.0
2026-04-28 17:13:16,29,48.5
2026-04-28 17:13:17,29,48.5
2026-04-28 17:13:17,29,48.5
2026-04-28 17:13:17,29,48.5
2026-04-28 17:13:17,29,48.5
2026-04-28 17:13:17,29,48.5
2026-04-28 17:13:17,29,48.5
2026-04-28 17:13:17,29,48.5
2026-04-28 17:13:17,29,48.5
2026-04-28 17:13:17,29,48.0
2026-04-28 17:13:17,29,48.0
2026-04-28 17:13:18,29,48.0
2026-04-28 17:13:18,29,47.5
2026-04-28 17:13:18,29,48.0
2026-04-28 17:13:18,29,48.5
2026-04-28 17:13:18,29,48.0
2026-04-28 17:13:18,29,48.5
2026-04-28 17:13:18,29,48.5
2026-04-28 17:13:18,29,48.5
2026-04-28 17:13:18,29,48.0
2026-04-28 17:13:18,29,48.5
2026-04-28 17:13:19,29,48.5
2026-04-28 17:13:19,29,48.0
2026-04-28 17:13:19,29,48.0
2026-04-28 17:13:19,40,48.0
2026-04-28 17:13:19,38,48.0
2026-04-28 17:13:19,49,48.0
2026-04-28 17:13:19,49,48.5
2026-04-28 17:13:19,49,48.5
2026-04-28 17:13:19,49,48.0
2026-04-28 17:13:19,49,48.5
2026-04-28 17:13:20,49,48.0
2026-04-28 17:13:20,49,48.5
2026-04-28 17:13:20,49,48.5
2026-04-28 17:13:20,49,48.0
2026-04-28 17:13:20,49,48.5
2026-04-28 17:13:20,49,48.0
2026-04-28 17:13:20,49,48.0
2026-04-28 17:13:20,49,48.0
2026-04-28 17:13:20,49,48.0
2026-04-28 17:13:20,49,48.5
2026-04-28 17:13:21,49,48.5
2026-04-28 17:13:21,49,48.5
2026-04-28 17:13:21,49,48.5
2026-04-28 17:13:21,49,49.0
2026-04-28 17:13:21,49,48.5
2026-04-28 17:13:21,49,48.0
2026-04-28 17:13:21,49,49.0
2026-04-28 17:13:21,49,48.5
2026-04-28 17:13:21,49,49.0
2026-04-28 17:13:21,49,49.0
2026-04-28 17:13:22,49,48.5
2026-04-28 17:13:22,49,49.0
2026-04-28 17:13:22,49,49.5
2026-04-28 17:13:22,49,49.5
2026-04-28 17:13:22,49,49.0
2026-04-28 17:13:22,49,49.0
2026-04-28 17:13:22,49,49.0
2026-04-28 17:13:22,49,49.0
2026-04-28 17:13:22,49,49.0
2026-04-28 17:13:22,49,49.0
2026-04-28 17:13:23,49,49.0
2026-04-28 17:13:23,49,49.0
2026-04-28 17:13:23,49,49.0
2026-04-28 17:13:23,49,48.5
2026-04-28 17:13:23,49,49.0
2026-04-28 17:13:23,49,49.0
2026-04-28 17:13:23,49,49.5
2026-04-28 17:13:23,49,50.0
2026-04-28 17:13:23,49,50.0
2026-04-28 17:13:23,49,49.5
2026-04-28 17:13:24,49,49.5
2026-04-28 17:13:24,49,49.5
2026-04-28 17:13:24,49,49.5
2026-04-28 17:13:24,49,50.0
2026-04-28 17:13:24,49,50.0
2026-04-28 17:13:24,49,49.5
2026-04-28 17:13:24,49,50.0
2026-04-28 17:13:24,49,49.5
2026-04-28 17:13:24,49,50.0
2026-04-28 17:13:24,49,50.5
2026-04-28 17:13:25,49,50.0
2026-04-28 17:13:25,49,50.5
2026-04-28 17:13:25,49,50.0
2026-04-28 17:13:25,49,50.5
2026-04-28 17:13:25,49,50.5
2026-04-28 17:13:25,49,50.5
2026-04-28 17:13:25,49,50.0
2026-04-28 17:13:25,49,50.5
2026-04-28 17:13:25,49,50.5
2026-04-28 17:13:25,49,50.5
2026-04-28 17:13:26,49,51.0
2026-04-28 17:13:26,49,50.5
2026-04-28 17:13:26,49,50.5
2026-04-28 17:13:26,49,51.0
2026-04-28 17:13:26,49,50.5
2026-04-28 17:13:26,49,51.0
2026-04-28 17:13:26,49,50.5
2026-04-28 17:13:26,49,51.0
2026-04-28 17:13:26,49,50.5
2026-04-28 17:13:26,49,50.5
2026-04-28 17:13:27,49,51.5
2026-04-28 17:13:27,49,51.5
2026-04-28 17:13:27,49,51.0
2026-04-28 17:13:27,49,51.0
2026-04-28 17:13:27,49,50.5
2026-04-28 17:13:27,49,51.0
2026-04-28 17:13:27,49,52.0
2026-04-28 17:13:27,49,51.5
2026-04-28 17:13:27,49,51.0
2026-04-28 17:13:27,49,51.5
2026-04-28 17:13:28,49,51.0
2026-04-28 17:13:28,49,51.5
2026-04-28 17:13:28,49,51.5
2026-04-28 17:13:28,49,51.5
2026-04-28 17:13:28,49,51.5
2026-04-28 17:13:28,49,51.5
2026-04-28 17:13:28,49,51.5
2026-04-28 17:13:28,49,51.5
2026-04-28 17:13:28,49,52.0
2026-04-28 17:13:28,49,52.0
2026-04-28 17:13:29,49,51.5
2026-04-28 17:13:29,49,51.5
2026-04-28 17:13:29,49,52.0
2026-04-28 17:13:29,49,51.5
2026-04-28 17:13:29,49,52.0
2026-04-28 17:13:29,49,51.5
2026-04-28 17:13:29,49,52.0
2026-04-28 17:13:29,49,52.0
2026-04-28 17:13:29,49,52.0
2026-04-28 17:13:29,49,52.0
2026-04-28 17:13:30,49,51.5
2026-04-28 17:13:30,49,51.5
2026-04-28 17:13:30,49,51.5
2026-04-28 17:13:30,40,52.0
2026-04-28 17:13:30,38,51.5
2026-04-28 17:13:30,29,52.0
2026-04-28 17:13:30,29,51.5
2026-04-28 17:13:30,29,52.0
2026-04-28 17:13:30,29,51.0
2026-04-28 17:13:30,29,51.5
2026-04-28 17:13:31,29,51.5
2026-04-28 17:13:31,29,51.5
2026-04-28 17:13:31,29,52.0
2026-04-28 17:13:31,29,51.5
2026-04-28 17:13:31,29,51.5
2026-04-28 17:13:31,29,51.5
2026-04-28 17:13:31,29,51.5
2026-04-28 17:13:31,29,51.5
2026-04-28 17:13:31,29,52.0
2026-04-28 17:13:31,29,52.0
2026-04-28 17:13:32,29,51.5
2026-04-28 17:13:32,29,51.5
2026-04-28 17:13:32,29,51.5
2026-04-28 17:13:32,29,52.0
2026-04-28 17:13:32,29,51.5
2026-04-28 17:13:32,29,51.5
2026-04-28 17:13:32,29,51.0
2026-04-28 17:13:32,29,51.0
2026-04-28 17:13:32,29,51.0
2026-04-28 17:13:32,29,51.0
2026-04-28 17:13:33,29,51.5
2026-04-28 17:13:33,29,51.5
2026-04-28 17:13:33,29,51.5
2026-04-28 17:13:33,29,51.0
2026-04-28 17:13:33,29,51.5
2026-04-28 17:13:33,29,51.5
2026-04-28 17:13:33,29,51.0
2026-04-28 17:13:33,29,51.0
2026-04-28 17:13:33,29,51.0
2026-04-28 17:13:33,29,51.0
2026-04-28 17:13:34,29,50.5
2026-04-28 17:13:34,29,51.0
2026-04-28 17:13:34,29,51.0
2026-04-28 17:13:34,29,50.5
2026-04-28 17:13:34,29,51.0
2026-04-28 17:13:34,29,50.5
2026-04-28 17:13:34,29,51.0
2026-04-28 17:13:34,29,51.0
2026-04-28 17:13:34,29,50.5
2026-04-28 17:13:34,29,50.5
2026-04-28 17:13:35,29,50.0
2026-04-28 17:13:35,29,50.0
2026-04-28 17:13:35,29,50.5
2026-04-28 17:13:35,29,50.0
2026-04-28 17:13:35,29,50.5
2026-04-28 17:13:35,29,50.5
2026-04-28 17:13:35,29,50.0
2026-04-28 17:13:35,29,50.0
2026-04-28 17:13:35,29,50.0
2026-04-28 17:13:35,29,50.5
2026-04-28 17:13:36,29,49.5
2026-04-28 17:13:36,29,50.0
2026-04-28 17:13:36,29,50.5
2026-04-28 17:13:36,29,49.5
2026-04-28 17:13:36,29,49.5
2026-04-28 17:13:36,29,49.5
2026-04-28 17:13:36,29,49.5
2026-04-28 17:13:36,29,50.0
2026-04-28 17:13:36,29,49.5
2026-04-28 17:13:36,29,49.0
2026-04-28 17:13:37,29,49.5
2026-04-28 17:13:37,29,49.5
2026-04-28 17:13:37,29,49.5
2026-04-28 17:13:37,29,49.0
2026-04-28 17:13:37,29,49.0
2026-04-28 17:13:37,29,49.5
2026-04-28 17:13:37,29,49.5
2026-04-28 17:13:37,29,49.5
2026-04-28 17:13:37,29,48.5
2026-04-28 17:13:37,29,49.0
2026-04-28 17:13:38,29,49.0
2026-04-28 17:13:38,29,49.0
2026-04-28 17:13:38,29,48.5
2026-04-28 17:13:38,29,49.0
2026-04-28 17:13:38,29,48.5
2026-04-28 17:13:38,29,48.5
2026-04-28 17:13:38,29,49.0
2026-04-28 17:13:38,29,49.0
2026-04-28 17:13:38,29,48.5
2026-04-28 17:13:38,29,49.0
2026-04-28 17:13:39,29,48.5
2026-04-28 17:13:39,29,48.5
2026-04-28 17:13:39,29,48.5
2026-04-28 17:13:39,29,48.5
2026-04-28 17:13:39,29,48.5
2026-04-28 17:13:39,29,48.5
2026-04-28 17:13:39,29,48.5
2026-04-28 17:13:39,29,49.0
2026-04-28 17:13:39,29,48.0
2026-04-28 17:13:39,29,48.0
2026-04-28 17:13:40,29,49.0
2026-04-28 17:13:40,29,49.0
2026-04-28 17:13:40,29,48.0
2026-04-28 17:13:40,29,48.0
2026-04-28 17:13:40,29,48.0
2026-04-28 17:13:40,29,48.0
2026-04-28 17:13:40,29,48.0
2026-04-28 17:13:40,29,48.0
2026-04-28 17:13:40,29,48.5
2026-04-28 17:13:40,29,48.5
2026-04-28 17:13:41,29,48.0
2026-04-28 17:13:41,29,48.5
2026-04-28 17:13:41,29,48.5
2026-04-28 17:13:41,29,48.5
2026-04-28 17:13:41,40,48.0
2026-04-28 17:13:41,38,48.0
2026-04-28 17:13:41,49,48.5
2026-04-28 17:13:41,49,48.0
2026-04-28 17:13:41,49,48.5
2026-04-28 17:13:41,49,48.0
2026-04-28 17:13:42,49,48.5
2026-04-28 17:13:42,49,48.0
2026-04-28 17:13:42,49,48.5
2026-04-28 17:13:42,49,48.0
2026-04-28 17:13:42,49,48.5
2026-04-28 17:13:42,49,48.5
2026-04-28 17:13:42,49,48.0
2026-04-28 17:13:42,49,48.5
2026-04-28 17:13:42,49,48.5
2026-04-28 17:13:42,49,48.5
2026-04-28 17:13:43,49,48.0
2026-04-28 17:13:43,49,48.5
2026-04-28 17:13:43,49,48.0
2026-04-28 17:13:43,49,48.5
2026-04-28 17:13:43,49,48.5
2026-04-28 17:13:43,49,48.0
2026-04-28 17:13:43,49,48.0
2026-04-28 17:13:43,49,48.5
2026-04-28 17:13:43,49,48.5
2026-04-28 17:13:43,49,48.0
2026-04-28 17:13:44,49,49.0
2026-04-28 17:13:44,49,49.0
2026-04-28 17:13:44,49,48.5
2026-04-28 17:13:44,49,48.5
2026-04-28 17:13:44,49,49.0
2026-04-28 17:13:44,49,49.0
2026-04-28 17:13:44,49,49.5
2026-04-28 17:13:44,49,49.0
2026-04-28 17:13:44,49,49.0
2026-04-28 17:13:44,49,49.0
2026-04-28 17:13:45,49,49.5
2026-04-28 17:13:45,49,49.0
2026-04-28 17:13:45,49,49.5
2026-04-28 17:13:45,49,49.0
2026-04-28 17:13:45,49,49.0
2026-04-28 17:13:45,49,49.0
2026-04-28 17:13:45,49,49.5
2026-04-28 17:13:45,49,49.5
2026-04-28 17:13:45,49,49.5
2026-04-28 17:13:45,49,49.5
2026-04-28 17:13:46,49,49.5
2026-04-28 17:13:46,49,49.5
2026-04-28 17:13:46,49,50.0
2026-04-28 17:13:46,49,49.0
2026-04-28 17:13:46,49,49.5
2026-04-28 17:13:46,49,49.5
2026-04-28 17:13:46,49,49.0
2026-04-28 17:13:46,49,49.5
2026-04-28 17:13:46,49,49.5
2026-04-28 17:13:46,49,50.0
2026-04-28 17:13:47,49,50.5
2026-04-28 17:13:47,49,50.0
2026-04-28 17:13:47,49,50.0
2026-04-28 17:13:47,49,50.0
2026-04-28 17:13:47,49,50.5
2026-04-28 17:13:47,49,50.0
2026-04-28 17:13:47,49,50.0
2026-04-28 17:13:47,49,50.5
2026-04-28 17:13:47,49,50.5
2026-04-28 17:13:47,49,50.5
2026-04-28 17:13:48,49,50.5
2026-04-28 17:13:48,49,50.5
2026-04-28 17:13:48,49,50.5
2026-04-28 17:13:48,49,50.5
2026-04-28 17:13:48,49,50.5
2026-04-28 17:13:48,49,50.5
2026-04-28 17:13:48,49,50.5
2026-04-28 17:13:48,49,51.0
2026-04-28 17:13:48,49,51.0
2026-04-28 17:13:48,49,50.5
2026-04-28 17:13:49,49,51.0
2026-04-28 17:13:49,49,51.5
2026-04-28 17:13:49,49,50.5
2026-04-28 17:13:49,49,50.5
2026-04-28 17:13:49,49,51.0
2026-04-28 17:13:49,49,51.5
2026-04-28 17:13:49,49,51.5
2026-04-28 17:13:49,49,51.5
2026-04-28 17:13:49,49,51.0
2026-04-28 17:13:49,49,51.0
2026-04-28 17:13:50,49,51.5
2026-04-28 17:13:50,49,51.5
2026-04-28 17:13:50,49,51.5
2026-04-28 17:13:50,49,51.5
2026-04-28 17:13:50,49,51.5
2026-04-28 17:13:50,49,51.5
2026-04-28 17:13:50,49,51.5
2026-04-28 17:13:50,49,51.5
2026-04-28 17:13:50,49,51.0
2026-04-28 17:13:50,49,51.0
2026-04-28 17:13:51,49,52.0
2026-04-28 17:13:51,49,52.0
2026-04-28 17:13:51,49,51.5
2026-04-28 17:13:51,49,51.0
2026-04-28 17:13:51,49,51.5
2026-04-28 17:13:51,49,52.0
2026-04-28 17:13:51,49,52.0
2026-04-28 17:13:51,49,52.0
2026-04-28 17:13:51,49,51.5
2026-04-28 17:13:51,49,51.5
2026-04-28 17:13:52,49,52.0
2026-04-28 17:13:52,49,51.5
2026-04-28 17:13:52,49,51.5
2026-04-28 17:13:52,49,52.5
2026-04-28 17:13:52,49,52.0
2026-04-28 17:13:52,40,52.0
2026-04-28 17:13:52,38,51.5
2026-04-28 17:13:52,29,52.0
2026-04-28 17:13:52,29,52.0
2026-04-28 17:13:52,29,52.0
2026-04-28 17:13:53,29,52.0
2026-04-28 17:13:53,29,52.0
2026-04-28 17:13:53,29,52.0
2026-04-28 17:13:53,29,52.0
2026-04-28 17:13:53,29,52.0
2026-04-28 17:13:53,29,51.5
2026-04-28 17:13:53,29,51.5
2026-04-28 17:13:53,29,51.5
2026-04-28 17:13:53,29,51.5
2026-04-28 17:13:53,29,52.0
2026-04-28 17:13:54,29,52.0
2026-04-28 17:13:54,29,52.0
2026-04-28 17:13:54,29,51.5
2026-04-28 17:13:54,29,52.0
2026-04-28 17:13:54,29,51.5
2026-04-28 17:13:54,29,51.5
2026-04-28 17:13:54,29,51.0
2026-04-28 17:13:54,29,51.5
2026-04-28 17:13:54,29,51.5
2026-04-28 17:13:54,29,51.0
2026-04-28 17:13:55,29,51.5
2026-04-28 17:13:55,29,51.5
2026-04-28 17:13:55,29,51.5
2026-04-28 17:13:55,29,51.5
2026-04-28 17:13:55,29,51.0
2026-04-28 17:13:55,29,51.0
2026-04-28 17:13:55,29,51.0
2026-04-28 17:13:55,29,51.0
2026-04-28 17:13:55,29,51.0
2026-04-28 17:13:55,29,51.0
2026-04-28 17:13:56,29,51.0
2026-04-28 17:13:56,29,50.5
2026-04-28 17:13:56,29,51.0
2026-04-28 17:13:56,29,51.0
2026-04-28 17:13:56,29,50.5
2026-04-28 17:13:56,29,50.5
2026-04-28 17:13:56,29,51.0
2026-04-28 17:13:56,29,51.0
2026-04-28 17:13:56,29,51.0
2026-04-28 17:13:56,29,50.5
2026-04-28 17:13:57,29,50.5
2026-04-28 17:13:57,29,50.0
2026-04-28 17:13:57,29,50.5
2026-04-28 17:13:57,29,50.5
2026-04-28 17:13:57,29,50.5
2026-04-28 17:13:57,29,50.5
2026-04-28 17:13:57,29,50.0
2026-04-28 17:13:57,29,50.0
2026-04-28 17:13:57,29,50.0
2026-04-28 17:13:57,29,50.0
2026-04-28 17:13:58,29,50.0
2026-04-28 17:13:58,29,50.0
2026-04-28 17:13:58,29,50.0
2026-04-28 17:13:58,29,50.0
2026-04-28 17:13:58,29,49.5
2026-04-28 17:13:58,29,50.0
2026-04-28 17:13:58,29,49.5
2026-04-28 17:13:58,29,49.5
2026-04-28 17:13:58,29,49.5
2026-04-28 17:13:58,29,49.5
2026-04-28 17:13:59,29,49.5
2026-04-28 17:13:59,29,50.0
2026-04-28 17:13:59,29,49.0
2026-04-28 17:13:59,29,49.0
2026-04-28 17:13:59,29,49.0
2026-04-28 17:13:59,29,49.5
2026-04-28 17:13:59,29,49.5
2026-04-28 17:13:59,29,49.0
2026-04-28 17:13:59,29,49.5
2026-04-28 17:13:59,29,48.5
2026-04-28 17:14:00,29,49.0
2026-04-28 17:14:00,29,49.5
2026-04-28 17:14:00,29,48.5
2026-04-28 17:14:00,29,49.0
2026-04-28 17:14:00,29,48.5
2026-04-28 17:14:00,29,48.5
2026-04-28 17:14:00,29,49.0
2026-04-28 17:14:00,29,49.0
2026-04-28 17:14:00,29,49.0
2026-04-28 17:14:00,29,48.5
2026-04-28 17:14:01,29,49.0
2026-04-28 17:14:01,29,48.5
2026-04-28 17:14:01,29,49.0
2026-04-28 17:14:01,29,48.5
2026-04-28 17:14:01,29,48.5
2026-04-28 17:14:01,29,48.5
2026-04-28 17:14:01,29,49.5
2026-04-28 17:14:01,29,48.5
2026-04-28 17:14:01,29,48.5
2026-04-28 17:14:01,29,48.5
2026-04-28 17:14:02,29,48.5
2026-04-28 17:14:02,29,48.5
2026-04-28 17:14:02,29,48.5
2026-04-28 17:14:02,29,48.5
2026-04-28 17:14:02,29,48.5
2026-04-28 17:14:02,29,48.5
2026-04-28 17:14:02,29,48.5
2026-04-28 17:14:02,29,48.5
2026-04-28 17:14:02,29,48.0
2026-04-28 17:14:02,29,48.5
2026-04-28 17:14:03,29,48.0
2026-04-28 17:14:03,29,48.0
2026-04-28 17:14:03,29,48.0
2026-04-28 17:14:03,29,48.5
2026-04-28 17:14:03,29,48.0
2026-04-28 17:14:03,29,48.5
2026-04-28 17:14:03,40,48.0
2026-04-28 17:14:03,38,48.0
2026-04-28 17:14:03,49,48.0
2026-04-28 17:14:03,49,48.0
2026-04-28 17:14:04,49,48.5
2026-04-28 17:14:04,49,48.0
2026-04-28 17:14:04,49,48.5
2026-04-28 17:14:04,49,48.5
2026-04-28 17:14:04,49,48.0
2026-04-28 17:14:04,49,48.0
2026-04-28 17:14:04,49,48.5
2026-04-28 17:14:04,49,48.5
2026-04-28 17:14:04,49,48.5
2026-04-28 17:14:04,49,48.5
2026-04-28 17:14:05,49,48.5
2026-04-28 17:14:05,49,48.5
2026-04-28 17:14:05,49,48.0
2026-04-28 17:14:05,49,48.0
2026-04-28 17:14:05,49,48.0
2026-04-28 17:14:05,49,48.5
2026-04-28 17:14:05,49,49.0
2026-04-28 17:14:05,49,48.5
2026-04-28 17:14:05,49,48.0
2026-04-28 17:14:05,49,48.0
2026-04-28 17:14:06,49,48.5
2026-04-28 17:14:06,49,48.5
2026-04-28 17:14:06,49,48.5
2026-04-28 17:14:06,49,48.5
2026-04-28 17:14:06,49,48.5
2026-04-28 17:14:06,49,49.0
2026-04-28 17:14:06,49,48.5
2026-04-28 17:14:06,49,48.5
2026-04-28 17:14:06,49,49.0
2026-04-28 17:14:06,49,48.5
2026-04-28 17:14:07,49,49.0
2026-04-28 17:14:07,49,49.0
2026-04-28 17:14:07,49,49.0
2026-04-28 17:14:07,49,49.5
2026-04-28 17:14:07,49,49.0
2026-04-28 17:14:07,49,49.5
2026-04-28 17:14:07,49,49.0
2026-04-28 17:14:07,49,49.0
2026-04-28 17:14:07,49,49.5
2026-04-28 17:14:07,49,49.0
2026-04-28 17:14:08,49,49.0
2026-04-28 17:14:08,49,49.5
2026-04-28 17:14:08,49,49.5
2026-04-28 17:14:08,49,49.5
2026-04-28 17:14:08,49,50.0
2026-04-28 17:14:08,49,50.0
2026-04-28 17:14:08,49,50.0
2026-04-28 17:14:08,49,50.0
2026-04-28 17:14:08,49,50.0
2026-04-28 17:14:08,49,49.5
2026-04-28 17:14:09,49,50.0
2026-04-28 17:14:09,49,50.0
2026-04-28 17:14:09,49,50.0
2026-04-28 17:14:09,49,50.0
2026-04-28 17:14:09,49,50.0
2026-04-28 17:14:09,49,50.5
2026-04-28 17:14:09,49,50.0
2026-04-28 17:14:09,49,50.5
2026-04-28 17:14:09,49,50.5
2026-04-28 17:14:09,49,50.5
2026-04-28 17:14:10,49,50.5
2026-04-28 17:14:10,49,50.5
2026-04-28 17:14:10,49,51.0
2026-04-28 17:14:10,49,51.0
2026-04-28 17:14:10,49,50.5
2026-04-28 17:14:10,49,51.0
2026-04-28 17:14:10,49,50.5
2026-04-28 17:14:10,49,50.5
2026-04-28 17:14:10,49,51.0
2026-04-28 17:14:10,49,51.0
2026-04-28 17:14:11,49,51.0
2026-04-28 17:14:11,49,51.0
2026-04-28 17:14:11,49,51.0
2026-04-28 17:14:11,49,51.5
2026-04-28 17:14:11,49,51.0
2026-04-28 17:14:11,49,51.0
2026-04-28 17:14:11,49,51.0
2026-04-28 17:14:11,49,50.5
2026-04-28 17:14:11,49,51.5
2026-04-28 17:14:11,49,50.5
