Tidsstempel,pådrag,tank,referanse
2026-05-03 17:26:24,36,39.86000061035156,40
2026-05-03 17:26:24,34,39.939998626708984,40
2026-05-03 17:26:24,37,39.88999938964844,40
2026-05-03 17:26:24,33,40.0099983215332,40
2026-05-03 17:26:24,35,40.0,40
2026-05-03 17:26:25,34,40.02000045776367,40
2026-05-03 17:26:25,33,40.09000015258789,40
2026-05-03 17:26:25,34,40.099998474121094,40
2026-05-03 17:26:25,37,40.119998931884766,40
2026-05-03 17:26:25,37,40.09000015258789,40
2026-05-03 17:26:25,39,40.04999923706055,40
2026-05-03 17:26:25,37,40.09000015258789,40
2026-05-03 17:26:25,41,39.970001220703125,40
2026-05-03 17:26:25,39,39.97999954223633,40
2026-05-03 17:26:26,36,40.029998779296875,40
2026-05-03 17:26:26,36,40.02000045776367,40
2026-05-03 17:26:26,39,39.939998626708984,40
2026-05-03 17:26:26,39,39.91999816894531,
2026-05-03 17:26:26,38,40.02000045776367,40
2026-05-03 17:26:26,39,39.959999084472656,40
2026-05-03 17:26:27,38,39.939998626708984,40
2026-05-03 17:26:27,42,39.79999923706055,40
2026-05-03 17:26:27,39,39.810001373291016,40
2026-05-03 17:26:27,40,39.7400016784668,40
2026-05-03 17:26:27,39,39.7599983215332,40
2026-05-03 17:26:27,35,39.790000915527344,40
2026-05-03 17:26:27,39,39.75,
2026-05-03 17:26:27,37,39.689998626708984,40
2026-05-03 17:26:28,38,39.689998626708984,40
2026-05-03 17:26:28,31,39.81999969482422,40
2026-05-03 17:26:28,36,39.79999923706055,40
2026-05-03 17:26:28,37,39.790000915527344,40
2026-05-03 17:26:28,34,39.849998474121094,40
2026-05-03 17:26:28,34,39.91999816894531,40
2026-05-03 17:26:28,39,39.880001068115234,40
2026-05-03 17:26:28,37,39.900001525878906,40
2026-05-03 17:26:29,38,39.86000061035156,40
2026-05-03 17:26:29,38,39.849998474121094,40
2026-05-03 17:26:29,38,39.849998474121094,40
2026-05-03 17:26:29,38,39.81999969482422,40
2026-05-03 17:26:29,37,39.79999923706055,40
2026-05-03 17:26:29,35,39.79999923706055,40
2026-05-03 17:26:29,37,39.81999969482422,40
2026-05-03 17:26:29,35,39.869998931884766,40
2026-05-03 17:26:30,36,39.88999938964844,40
2026-05-03 17:26:30,39,39.810001373291016,40
2026-05-03 17:26:30,38,39.83000183105469,40
2026-05-03 17:26:30,36,39.849998474121094,40
2026-05-03 17:26:30,36,39.849998474121094,40
2026-05-03 17:26:30,33,39.939998626708984,40
2026-05-03 17:26:30,35,39.939998626708984,40
2026-05-03 17:26:30,36,39.959999084472656,40
2026-05-03 17:26:30,35,39.9900016784668,40
2026-05-03 17:26:31,36,39.9900016784668,40
2026-05-03 17:26:31,37,39.970001220703125,40
2026-05-03 17:26:31,36,39.97999954223633,40
2026-05-03 17:26:31,39,39.939998626708984,40
2026-05-03 17:26:31,34,40.029998779296875,40
2026-05-03 17:26:31,32,40.06999969482422,40
2026-05-03 17:26:31,34,40.119998931884766,40
2026-05-03 17:26:31,39,40.06999969482422,40
2026-05-03 17:26:31,40,40.0,40
2026-05-03 17:26:32,39,39.959999084472656,40
2026-05-03 17:26:32,39,39.939998626708984,40
2026-05-03 17:26:32,38,39.91999816894531,40
2026-05-03 17:26:32,36,39.91999816894531,40
2026-05-03 17:26:32,36,39.90999984741211,40
2026-05-03 17:26:32,40,39.869998931884766,40
2026-05-03 17:26:32,37,39.900001525878906,40
2026-05-03 17:26:32,40,39.790000915527344,40
2026-05-03 17:26:33,31,39.970001220703125,40
2026-05-03 17:26:33,35,39.939998626708984,40
2026-05-03 17:26:33,39,39.86000061035156,40
2026-05-03 17:26:33,37,39.86000061035156,40
2026-05-03 17:26:33,39,39.83000183105469,40
2026-05-03 17:26:33,34,39.91999816894531,40
2026-05-03 17:26:33,38,39.88999938964844,40
2026-05-03 17:26:33,40,39.869998931884766,40
2026-05-03 17:26:33,38,39.86000061035156,40
2026-05-03 17:26:34,38,39.83000183105469,40
2026-05-03 17:26:34,38,39.81999969482422,40
2026-05-03 17:26:34,32,39.93000030517578,40
2026-05-03 17:26:34,31,39.970001220703125,40
2026-05-03 17:26:34,34,40.060001373291016,40
2026-05-03 17:26:34,36,40.029998779296875,40
2026-05-03 17:26:34,38,40.0099983215332,40
2026-05-03 17:26:34,37,39.9900016784668,40
2026-05-03 17:26:34,33,40.11000061035156,40
2026-05-03 17:26:35,36,40.119998931884766,40
2026-05-03 17:26:35,33,40.220001220703125,40
2026-05-03 17:26:35,35,40.15999984741211,40
2026-05-03 17:26:35,37,40.150001525878906,40
2026-05-03 17:26:35,38,40.099998474121094,40
2026-05-03 17:26:35,37,40.11000061035156,40
2026-05-03 17:26:35,35,40.130001068115234,40
2026-05-03 17:26:35,38,40.04999923706055,40
2026-05-03 17:26:36,36,40.09000015258789,40
2026-05-03 17:26:36,37,40.06999969482422,40
2026-05-03 17:26:36,37,40.04999923706055,40
2026-05-03 17:26:36,37,40.060001373291016,40
2026-05-03 17:26:36,35,40.119998931884766,40
2026-05-03 17:26:36,35,40.099998474121094,40
2026-05-03 17:26:36,37,40.060001373291016,40
2026-05-03 17:26:36,40,39.91999816894531,40
2026-05-03 17:26:36,38,39.93000030517578,40
2026-05-03 17:26:37,40,39.810001373291016,40
2026-05-03 17:26:37,36,39.880001068115234,40
2026-05-03 17:26:37,37,39.88999938964844,40
2026-05-03 17:26:37,37,39.91999816894531,40
2026-05-03 17:26:37,35,39.939998626708984,40
2026-05-03 17:26:37,34,40.0,40
2026-05-03 17:26:37,35,40.0099983215332,40
2026-05-03 17:26:37,35,40.02000045776367,40
2026-05-03 17:26:37,37,39.9900016784668,40
2026-05-03 17:26:37,42,39.90999984741211,40
2026-05-03 17:26:38,38,39.91999816894531,40
2026-05-03 17:26:38,37,39.939998626708984,40
2026-05-03 17:26:38,38,39.88999938964844,40
2026-05-03 17:26:38,37,39.970001220703125,41
2026-05-03 17:26:38,38,39.939998626708984,41
2026-05-03 17:26:38,38,40.0,41
2026-05-03 17:26:38,37,40.0099983215332,41
2026-05-03 17:26:38,43,39.970001220703125,42
2026-05-03 17:26:39,42,39.95000076293945,42
2026-05-03 17:26:39,41,39.9900016784668,42
2026-05-03 17:26:39,42,40.02000045776367,43
2026-05-03 17:26:39,43,40.0,43
2026-05-03 17:26:39,45,39.97999954223633,43
2026-05-03 17:26:39,45,40.0,44
2026-05-03 17:26:39,46,40.060001373291016,44
2026-05-03 17:26:39,43,40.06999969482422,45
2026-05-03 17:26:40,48,40.09000015258789,45
2026-05-03 17:26:40,49,40.09000015258789,45
2026-05-03 17:26:40,48,40.18000030517578,46
2026-05-03 17:26:40,47,40.27000045776367,46
2026-05-03 17:26:40,45,40.43000030517578,46
2026-05-03 17:26:40,52,40.41999816894531,47
2026-05-03 17:26:40,46,40.630001068115234,47
2026-05-03 17:26:40,44,40.779998779296875,47
2026-05-03 17:26:41,44,40.91999816894531,48
2026-05-03 17:26:41,49,41.099998474121094,48
2026-05-03 17:26:41,41,41.33000183105469,48
2026-05-03 17:26:41,44,41.47999954223633,48
2026-05-03 17:26:41,48,41.52000045776367,49
2026-05-03 17:26:41,49,41.66999816894531,49
2026-05-03 17:26:41,50,41.779998779296875,49
2026-05-03 17:26:41,52,41.83000183105469,49
2026-05-03 17:26:41,48,42.0,49
2026-05-03 17:26:42,42,42.40999984741211,49
2026-05-03 17:26:42,42,42.59000015258789,49
2026-05-03 17:26:42,35,42.959999084472656,49
2026-05-03 17:26:42,41,43.119998931884766,49
2026-05-03 17:26:42,47,43.25,50
2026-05-03 17:26:42,49,43.31999969482422,50
2026-05-03 17:26:42,51,43.459999084472656,50
2026-05-03 17:26:42,43,43.689998626708984,50
2026-05-03 17:26:43,44,43.83000183105469,50
2026-05-03 17:26:43,42,44.099998474121094,50
2026-05-03 17:26:43,43,44.2400016784668,50
2026-05-03 17:26:43,48,44.29999923706055,50
2026-05-03 17:26:43,49,44.380001068115234,50
2026-05-03 17:26:43,40,44.66999816894531,50
2026-05-03 17:26:43,40,44.90999984741211,50
2026-05-03 17:26:43,41,45.04999923706055,50
2026-05-03 17:26:43,44,45.209999084472656,50
2026-05-03 17:26:43,41,45.36000061035156,50
2026-05-03 17:26:44,43,45.400001525878906,50
2026-05-03 17:26:44,39,45.68000030517578,50
2026-05-03 17:26:44,34,45.970001220703125,50
2026-05-03 17:26:44,35,46.31999969482422,50
2026-05-03 17:26:44,41,46.38999938964844,50
2026-05-03 17:26:44,40,46.540000915527344,50
2026-05-03 17:26:44,40,46.7599983215332,50
2026-05-03 17:26:44,44,46.779998779296875,50
2026-05-03 17:26:45,38,47.0099983215332,50
2026-05-03 17:26:45,34,47.220001220703125,50
2026-05-03 17:26:45,36,47.47999954223633,50
2026-05-03 17:26:45,37,47.66999816894531,50
2026-05-03 17:26:45,38,47.790000915527344,50
2026-05-03 17:26:45,41,47.79999923706055,50
2026-05-03 17:26:45,42,47.849998474121094,50
2026-05-03 17:26:45,43,47.93000030517578,50
2026-05-03 17:26:46,37,48.06999969482422,50
2026-05-03 17:26:46,40,48.119998931884766,50
2026-05-03 17:26:46,44,48.119998931884766,50
2026-05-03 17:26:46,44,48.119998931884766,50
2026-05-03 17:26:46,42,48.16999816894531,50
2026-05-03 17:26:46,42,48.2400016784668,50
2026-05-03 17:26:46,40,48.29999923706055,50
2026-05-03 17:26:46,41,48.34000015258789,50
2026-05-03 17:26:46,39,48.43000030517578,50
2026-05-03 17:26:46,39,48.5099983215332,50
2026-05-03 17:26:47,39,48.59000015258789,50
2026-05-03 17:26:47,41,48.61000061035156,50
2026-05-03 17:26:47,39,48.65999984741211,50
2026-05-03 17:26:47,41,48.65999984741211,50
2026-05-03 17:26:47,40,48.709999084472656,50
2026-05-03 17:26:47,40,48.790000915527344,50
2026-05-03 17:26:47,41,48.810001373291016,50
2026-05-03 17:26:47,39,48.81999969482422,50
2026-05-03 17:26:47,42,48.869998931884766,50
2026-05-03 17:26:48,38,48.97999954223633,50
2026-05-03 17:26:48,39,49.040000915527344,50
2026-05-03 17:26:48,41,49.04999923706055,50
2026-05-03 17:26:48,40,49.08000183105469,50
2026-05-03 17:26:48,41,49.06999969482422,50
2026-05-03 17:26:48,41,49.119998931884766,50
2026-05-03 17:26:48,40,49.15999984741211,50
2026-05-03 17:26:48,37,49.22999954223633,50
2026-05-03 17:26:48,37,49.349998474121094,50
2026-05-03 17:26:49,37,49.369998931884766,50
2026-05-03 17:26:49,36,49.5,50
2026-05-03 17:26:49,37,49.560001373291016,50
2026-05-03 17:26:49,36,49.650001525878906,50
2026-05-03 17:26:49,37,49.70000076293945,50
2026-05-03 17:26:49,40,49.720001220703125,50
2026-05-03 17:26:49,40,49.7400016784668,50
2026-05-03 17:26:49,37,49.79999923706055,50
2026-05-03 17:26:49,39,49.83000183105469,50
2026-05-03 17:26:50,38,49.83000183105469,50
2026-05-03 17:26:50,40,49.810001373291016,50
2026-05-03 17:26:50,39,49.84000015258789,50
2026-05-03 17:26:50,38,49.900001525878906,50
2026-05-03 17:26:50,40,49.880001068115234,50
2026-05-03 17:26:50,39,49.88999938964844,50
2026-05-03 17:26:50,41,49.81999969482422,50
2026-05-03 17:26:50,41,49.90999984741211,50
2026-05-03 17:26:51,41,49.849998474121094,50
2026-05-03 17:26:51,37,49.939998626708984,50
2026-05-03 17:26:51,37,50.02000045776367,50
2026-05-03 17:26:51,38,50.0099983215332,50
2026-05-03 17:26:51,41,49.970001220703125,50
2026-05-03 17:26:51,42,49.88999938964844,50
2026-05-03 17:26:51,40,49.91999816894531,50
2026-05-03 17:26:51,39,49.9900016784668,50
2026-05-03 17:26:51,38,50.040000915527344,50
2026-05-03 17:26:52,43,49.93000030517578,50
2026-05-03 17:26:52,37,50.040000915527344,50
2026-05-03 17:26:52,34,50.18000030517578,50
2026-05-03 17:26:52,35,50.2400016784668,50
2026-05-03 17:26:52,34,50.40999984741211,50
2026-05-03 17:26:52,35,50.5099983215332,
2026-05-03 17:26:53,39,50.439998626708984,50
2026-05-03 17:26:53,39,50.43000030517578,50
2026-05-03 17:26:53,36,50.4900016784668,50
2026-05-03 17:26:53,39,50.45000076293945,50
2026-05-03 17:26:53,39,50.43000030517578,50
2026-05-03 17:26:53,39,50.41999816894531,50
2026-05-03 17:26:53,39,50.40999984741211,50
2026-05-03 17:26:54,43,50.349998474121094,50
2026-05-03 17:26:54,39,50.380001068115234,50
2026-05-03 17:26:54,38,50.38999938964844,50
2026-05-03 17:26:54,37,50.470001220703125,50
2026-05-03 17:26:54,34,50.529998779296875,50
2026-05-03 17:26:54,38,50.540000915527344,50
2026-05-03 17:26:54,36,50.619998931884766,50
2026-05-03 17:26:54,32,50.7599983215332,50
2026-05-03 17:26:55,38,50.689998626708984,50
2026-05-03 17:26:55,37,50.689998626708984,50
2026-05-03 17:26:55,39,50.68000030517578,50
2026-05-03 17:26:55,39,50.619998931884766,50
2026-05-03 17:26:55,40,50.61000061035156,50
2026-05-03 17:26:55,39,50.54999923706055,50
2026-05-03 17:26:55,39,50.540000915527344,50
2026-05-03 17:26:55,38,50.54999923706055,50
2026-05-03 17:26:55,36,50.58000183105469,50
2026-05-03 17:26:56,38,50.56999969482422,50
2026-05-03 17:26:56,39,50.560001373291016,50
2026-05-03 17:26:56,38,50.56999969482422,50
2026-05-03 17:26:56,38,50.56999969482422,50
2026-05-03 17:26:56,36,50.61000061035156,50
2026-05-03 17:26:56,36,50.650001525878906,50
2026-05-03 17:26:56,36,50.66999816894531,50
2026-05-03 17:26:56,36,50.70000076293945,50
2026-05-03 17:26:56,37,50.75,50
2026-05-03 17:26:57,38,50.72999954223633,50
2026-05-03 17:26:57,38,50.72999954223633,50
2026-05-03 17:26:57,36,50.790000915527344,50
2026-05-03 17:26:57,38,50.720001220703125,50
2026-05-03 17:26:57,35,50.79999923706055,50
2026-05-03 17:26:57,38,50.77000045776367,50
2026-05-03 17:26:57,38,50.77000045776367,50
2026-05-03 17:26:57,38,50.77000045776367,50
2026-05-03 17:26:57,38,50.7599983215332,50
2026-05-03 17:26:58,41,50.72999954223633,50
2026-05-03 17:26:58,38,50.72999954223633,50
2026-05-03 17:26:58,36,50.77000045776367,50
2026-05-03 17:26:58,38,50.7400016784668,50
2026-05-03 17:26:58,35,50.79999923706055,50
2026-05-03 17:26:58,37,50.790000915527344,50
2026-05-03 17:26:58,37,50.790000915527344,50
2026-05-03 17:26:58,39,50.77000045776367,50
2026-05-03 17:26:58,38,50.779998779296875,50
2026-05-03 17:26:59,39,50.790000915527344,50
2026-05-03 17:26:59,37,50.790000915527344,50
2026-05-03 17:26:59,36,50.790000915527344,50
2026-05-03 17:26:59,36,50.83000183105469,50
2026-05-03 17:26:59,35,50.86000061035156,50
2026-05-03 17:26:59,37,50.849998474121094,50
2026-05-03 17:26:59,36,50.88999938964844,50
2026-05-03 17:26:59,35,50.900001525878906,50
2026-05-03 17:27:00,39,50.81999969482422,50
2026-05-03 17:27:00,40,50.83000183105469,50
2026-05-03 17:27:00,36,50.86000061035156,50
2026-05-03 17:27:00,33,50.91999816894531,50
2026-05-03 17:27:00,33,50.959999084472656,50
2026-05-03 17:27:00,36,50.959999084472656,50
2026-05-03 17:27:00,37,50.970001220703125,50
2026-05-03 17:27:00,39,50.93000030517578,50
2026-05-03 17:27:01,37,50.880001068115234,50
2026-05-03 17:27:01,38,50.88999938964844,50
2026-05-03 17:27:01,37,50.869998931884766,50
2026-05-03 17:27:01,39,50.81999969482422,50
2026-05-03 17:27:01,39,50.779998779296875,50
2026-05-03 17:27:01,36,50.810001373291016,50
2026-05-03 17:27:01,38,50.779998779296875,50
2026-05-03 17:27:01,36,50.81999969482422,50
